parameter,base,downside,upside,unit,source_type,assumption_note
incremental_margin_per_aircraft,8,6,10,EUR_million,assumption,Illustrative incremental contribution margin per additional A320-family aircraft. Range is plus or minus 25 percent
ramp_investment,2500,3125,1875,EUR_million,assumption,Illustrative investment specifically attributable to the A320 production ramp to rate 75. Range is plus or minus 25 percent
discount_rate,0.12,0.14,0.10,decimal,assumption,Rounded from the euro-weighted pre-tax WACC of 11.9 percent that Airbus uses for its commercial aircraft business (FY2025 financial statements; 12.6 percent in 2024). Range is plus or minus 2 points
project_life_years,10,10,10,years,assumption,Number of years evaluated in the constant-rate sensitivity. Not varied
supply_chain_availability,0.95,0.90,1.00,decimal,assumption,Share of the planned production ramp that key suppliers can support; acts as a ceiling on deliveries with and without the investment. Range reflects Airbus annual deliveries of roughly 92 to 102 percent of its start-of-year targets in 2022 to 2025
inventory_cost_per_aircraft,0.5,0.5,0.5,EUR_million_per_aircraft_year,assumption,Illustrative annual storage maintenance insurance and working-capital cost per aircraft held. Inactive while production is capped at deliverable demand. Not varied
capex_scaling_exponent,1.0,1.0,1.0,decimal,assumption,Controls how quickly capacity investment rises above the 75-aircraft-per-month reference case. Not varied
production_cost_per_aircraft,45,45,45,EUR_million,assumption,Illustrative cash cost of building one A320-family aircraft; tied up while the aircraft sits undelivered in inventory. Inactive while production is capped at deliverable demand. Not varied
comfortable_annual_rate_step,5,5,5,aircraft_per_month_per_year,assumption,Illustrative year-on-year increase in monthly rate that can be absorbed without expedite costs. Not varied
expedite_cost_per_rate_point,150,187.5,112.5,EUR_million,assumption,Illustrative extra ramp cost per aircraft-per-month of annual rate increase above the comfortable step. Range is plus or minus 25 percent
baseline_monthly_rate,55,60,53.5,aircraft_per_month,assumption,Illustrative monthly rate the existing industrial system can sustain with no further investment when suppliers are not the limit. Upside value is the 2019 record of 642 deliveries; base adds about 3 percent for capacity added since; downside is the rate Airbus announced for 2019
